title,price,rating,reviews,availability
PlayStation 5 Console (PS5),,4.8 out of 5 stars,"14,302 ratings",In Stock
PlayStation 5 Console CFI-1102A,,4.9 out of 5 stars,"7,340 ratings",Only 2 left in stock - order soon
PS5 Console- Horizon Forbidden West Bundle,,4.9 out of 5 stars,"6,421 ratings",
Nextorage Japan 4TB Internal SSD Work with Playstation 5 and PC M.2 2280 PCIe Gen4 NVMe with Heatsink Maximum Transfer Rate Read 7300MB/s Write6900MB/s NEM-PA4TB/N SYM,,4.7 out of 5 stars,"1,116 ratings",Not Available
"ADATA 4TB SSD Legend 960, NVMe PCIe Gen4 x 4 M.2 2280, Speed up to 7,400MB/s, Internal Solid State Drive for PS5 with Heatsink, Gaming, High Performance Computing, Super Endurance with 3D NAND",,4.7 out of 5 stars,"1,352 ratings",Not Available
"fanxiang S880 2TB PCIe 4.0 NVMe SSD M.2 2280 Internal Solid State Drive - Up to 7300MB/s, Dynamic SLC Cache, Super Fast Response, Compatible with PS5",,4.5 out of 5 stars,"1,711 ratings",Not Available
"Corsair MP600 PRO LPX 2TB M.2 NVMe PCIe x4 Gen4 SSD - Optimized for PS5 (Up to 7,100MB/sec Sequential Read & 6,800MB/sec Sequential Write Speeds, High-Speed Interface, Compact Form Factor) Black",,4.8 out of 5 stars,"2,764 ratings",In Stock
"WD_BLACK 2TB SN850X NVMe Internal Gaming SSD Solid State Drive with Heatsink - Works with Playstation 5, Gen4 PCIe, M.2 2280, Up to 7,300 MB/s - WDS200T2XHE",,4.8 out of 5 stars,"12,144 ratings",In Stock
"Logitech G29 Driving Force Racing Wheel and Floor Pedals, Real Force Feedback, Stainless Steel Paddle Shifters, Leather Steering Wheel Cover for PS5, PS4, PC, Mac - Black",,4.7 out of 5 stars,"16,621 ratings",
"DualSense Wireless Controller – Gray Camouflage, Playstation 5",,4.8 out of 5 stars,"75,026 ratings",Not Available
Street Fighter 6 Deluxe Edition - PS5,,Previous page of related Sponsored Products,,"This item will be released on June 2, 2023."
Nextorage Japan 4TB Internal SSD Work with Playstation 5 and PC M.2 2280 PCIe Gen4 NVMe with Heatsink Maximum Transfer Rate Read 7300MB/s Write6900MB/s NEM-PA4TB/N SYM,,4.7 out of 5 stars,"1,116 ratings",Not Available
Final Fantasy XVI - PlayStation 5,,Previous page,,"This item will be released on June 22, 2023."
"Razer Wolverine V2 Pro Wireless Gaming Controller for PlayStation 5 / PS5, PC: Mecha-Tactile Action Buttons - 8-Way Microswitch D-Pad - HyperTrigger - 6 Remappable Buttons - Chroma RGB   - Black",,4.4 out of 5 stars,"5,472 ratings",In Stock
Nintendo Switch – OLED Model w/ White Joy-Con,,4.8 out of 5 stars,"31,880 ratings",Not Available
DBEPANK PS5 Stand and Cooling Station with Dual Controller Charging Station PS5 Vertical Stand with Headset Holder PS5 Accessories for Playstation 5 Console PS5 Cooling Fan Stand White,,4.8 out of 5 stars,21 ratings,Not Available
Grand Theft Auto V - PlayStation 5,,4.8 out of 5 stars,"1,366 ratings",In Stock
"TPLTECH 10 Feet AC Power Cord for Playstation 4 (PS4) Slim/Playstation 5 (PS5) Xbox One S/X, Xbox Series S/X Game Console Replacement Power Cable",,4.7 out of 5 stars,"15,756 ratings",Not Available
"HORI Racing Wheel Apex for Playstation 5, PlayStation 4 and PC - Officially Licensed by Sony - Compatible with Gran Turismo 7",,4.3 out of 5 stars,"1,713 ratings",In Stock
"HORI PlayStation 5 Fighting Stick Alpha - Tournament Grade Fightstick for PS5, PS4, PC - Officially Licensed by Sony",,4.6 out of 5 stars,238 ratings,Only 12 left in stock - order soon
PS5 Stand with Cooling Fan and Dual Controller Charger PS5 Cooling Station PS5 Accessories with Cooling Fan Controller Charging Station with 13 Game Slots Headset Holder for Playstation 5 Console,,Previous page of related Sponsored Products,,Not Available
"HORI PlayStation 5 Fighting Stick Alpha (Street Fighter 6 Edition) - Tournament Grade Fightstick for PS5, PS4, PC - Officially Licensed by Sony",,Previous page of related Sponsored Products,,"This item will be released on June 2, 2023."
"KZ GP20 Gaming Headset Wirelss Wired 2.4G Headphone for PC, PS4, PS5, Switch, Xbox One, Xbox Series X|S, Mobile",,Previous page of related Sponsored Products,,Not Available
"NIUBB 8K HDMI Cable 15 Ft,2.1 HDMI Cable 15 Feet Supports 48Gbps 8K@60Hz,4K@120Hz HDR,3D,Dolby Vision,Dolby Atmos Compatible with All TVs, Xbox, PS5,PS4(Zinc Alloy housing) (15FT)",,4.3 out of 5 stars,70 ratings,Only 5 left in stock - order soon
"GameHax Aimbot TV or Monitor Gaming Decal for FPS Games - Aim Assist or no Scope - Compatible with PS4, PS5, Xbox One, Xbox Series X, PC [not_Machine_Specific]",,5.0 out of 5 stars,2 ratings,Not Available
